{
  "uid" : "b1a8273437954620fa374b796ffaacdd",
  "name" : "behaviors",
  "children" : [ {
    "name" : "special offers",
    "children" : [ {
      "name" : "_0300Discount",
      "children" : [ {
        "name" : "_03000 preparation (Discount)",
        "children" : [ {
          "name" : "_03000 preparation (Discount)",
          "uid" : "c7758e64722a762",
          "parentUid" : "181907fee437922d86eb18864e0b7fc4",
          "status" : "passed",
          "time" : {
            "start" : 1704699460385,
            "stop" : 1704699480624,
            "duration" : 20239
          },
          "flaky" : false,
          "newFailed" : false,
          "parameters" : [ ]
        } ],
        "uid" : "181907fee437922d86eb18864e0b7fc4"
      }, {
        "name" : "_0300001 check preparation",
        "children" : [ {
          "name" : "_0300001 check preparation",
          "uid" : "c23ae0a366729a69",
          "parentUid" : "7b4bf2a65aedcec10ca87a2225aa208b",
          "status" : "passed",
          "time" : {
            "start" : 1704699480625,
            "stop" : 1704699481207,
            "duration" : 582
          },
          "flaky" : false,
          "newFailed" : false,
          "parameters" : [ ]
        } ],
        "uid" : "7b4bf2a65aedcec10ca87a2225aa208b"
      }, {
        "name" : "_030001 add Plugin SpecialMessage",
        "children" : [ {
          "name" : "_030001 add Plugin SpecialMessage",
          "uid" : "1de930c36d1018b9",
          "parentUid" : "792362b5006db4428a406b8c0386547f",
          "status" : "passed",
          "time" : {
            "start" : 1704699481208,
            "stop" : 1704699484079,
            "duration" : 2871
          },
          "flaky" : false,
          "newFailed" : false,
          "parameters" : [ ]
        } ],
        "uid" : "792362b5006db4428a406b8c0386547f"
      }, {
        "name" : "_030002 add Plugin DocumentDiscount",
        "children" : [ {
          "name" : "_030002 add Plugin DocumentDiscount",
          "uid" : "c6f0cd563d85821d",
          "parentUid" : "e317faacf0686c4321f43b0ac70c1694",
          "status" : "passed",
          "time" : {
            "start" : 1704699484079,
            "stop" : 1704699486095,
            "duration" : 2016
          },
          "flaky" : false,
          "newFailed" : false,
          "parameters" : [ ]
        } ],
        "uid" : "e317faacf0686c4321f43b0ac70c1694"
      }, {
        "name" : "_030003 add Plugin SpecialRules",
        "children" : [ {
          "name" : "_030003 add Plugin SpecialRules",
          "uid" : "ec7c78d61d08caf9",
          "parentUid" : "be06d9eed6f3e163aff547b2ac522653",
          "status" : "passed",
          "time" : {
            "start" : 1704699486095,
            "stop" : 1704699488134,
            "duration" : 2039
          },
          "flaky" : false,
          "newFailed" : false,
          "parameters" : [ ]
        } ],
        "uid" : "be06d9eed6f3e163aff547b2ac522653"
      }, {
        "name" : "_030004 add Plugin RangeDiscount",
        "children" : [ {
          "name" : "_030004 add Plugin RangeDiscount",
          "uid" : "795371b9caec5d05",
          "parentUid" : "790319473b141dbaf39b211ff39d2e24",
          "status" : "passed",
          "time" : {
            "start" : 1704699488134,
            "stop" : 1704699490157,
            "duration" : 2023
          },
          "flaky" : false,
          "newFailed" : false,
          "parameters" : [ ]
        } ],
        "uid" : "790319473b141dbaf39b211ff39d2e24"
      }, {
        "name" : "_030005 add Plugin FivePlusOne",
        "children" : [ {
          "name" : "_030005 add Plugin FivePlusOne",
          "uid" : "c1370b0eb66ec0ec",
          "parentUid" : "9d61ebbb74a45cae8d8ac91a2cd72c0e",
          "status" : "passed",
          "time" : {
            "start" : 1704699490157,
            "stop" : 1704699502736,
            "duration" : 12579
          },
          "flaky" : false,
          "newFailed" : false,
          "parameters" : [ ]
        } ],
        "uid" : "9d61ebbb74a45cae8d8ac91a2cd72c0e"
      }, {
        "name" : "_0300051 add Plugin TwoPlusPartOfThird",
        "children" : [ {
          "name" : "_0300051 add Plugin TwoPlusPartOfThird",
          "uid" : "446b12007d101ff8",
          "parentUid" : "8dccedda340737ad4e704d10e24c76c5",
          "status" : "passed",
          "time" : {
            "start" : 1704699502736,
            "stop" : 1704699505105,
            "duration" : 2369
          },
          "flaky" : false,
          "newFailed" : false,
          "parameters" : [ ]
        } ],
        "uid" : "8dccedda340737ad4e704d10e24c76c5"
      }, {
        "name" : "_030006 create Special Offer Types (price type)",
        "children" : [ {
          "name" : "_030006 create Special Offer Types (price type)",
          "uid" : "766b85e436c0689c",
          "parentUid" : "a8b1a5181e5e8c5b7b52d051a5a20983",
          "status" : "passed",
          "time" : {
            "start" : 1704699505105,
            "stop" : 1704699512863,
            "duration" : 7758
          },
          "flaky" : false,
          "newFailed" : false,
          "parameters" : [ ]
        } ],
        "uid" : "a8b1a5181e5e8c5b7b52d051a5a20983"
      }, {
        "name" : "_030007 create Special Offer Types special message (Notification)",
        "children" : [ {
          "name" : "_030007 create Special Offer Types special message (Notification)",
          "uid" : "a84e397116b36ef9",
          "parentUid" : "dc575b099af3c41aae875e1116ce0fd3",
          "status" : "passed",
          "time" : {
            "start" : 1704699512863,
            "stop" : 1704699515171,
            "duration" : 2308
          },
          "flaky" : false,
          "newFailed" : false,
          "parameters" : [ ]
        } ],
        "uid" : "dc575b099af3c41aae875e1116ce0fd3"
      }, {
        "name" : "_030008 create Special Offer Rule RangeDiscount",
        "children" : [ {
          "name" : "_030008 create Special Offer Rule RangeDiscount",
          "uid" : "f062dc091a9966a0",
          "parentUid" : "a986cdda04ca0f10a00a28cea0b9ad15",
          "status" : "passed",
          "time" : {
            "start" : 1704699515171,
            "stop" : 1704699561034,
            "duration" : 45863
          },
          "flaky" : false,
          "newFailed" : false,
          "parameters" : [ ]
        } ],
        "uid" : "a986cdda04ca0f10a00a28cea0b9ad15"
      }, {
        "name" : "_030009 create Special Offer Rule Present Discount",
        "children" : [ {
          "name" : "_030009 create Special Offer Rule Present Discount",
          "uid" : "ccaa1b97401f694a",
          "parentUid" : "298831be913dfc2c45830d505fd1b283",
          "status" : "passed",
          "time" : {
            "start" : 1704699561034,
            "stop" : 1704699628879,
            "duration" : 67845
          },
          "flaky" : false,
          "newFailed" : false,
          "parameters" : [ ]
        } ],
        "uid" : "298831be913dfc2c45830d505fd1b283"
      }, {
        "name" : "_030010 create Special Offer Types special message (DialogBox)",
        "children" : [ {
          "name" : "_030010 create Special Offer Types special message (DialogBox)",
          "uid" : "b4c5c7c2dd55d324",
          "parentUid" : "2548c9bd10728e0dc1a8fc91d517cd3e",
          "status" : "passed",
          "time" : {
            "start" : 1704699628879,
            "stop" : 1704699631307,
            "duration" : 2428
          },
          "flaky" : false,
          "newFailed" : false,
          "parameters" : [ ]
        } ],
        "uid" : "2548c9bd10728e0dc1a8fc91d517cd3e"
      }, {
        "name" : "_030011 create Special Offer Types Present Discount",
        "children" : [ {
          "name" : "_030011 create Special Offer Types Present Discount",
          "uid" : "dc719262b531804",
          "parentUid" : "42724b4132642610ead1f053837ca0fa",
          "status" : "passed",
          "time" : {
            "start" : 1704699631307,
            "stop" : 1704699720289,
            "duration" : 88982
          },
          "flaky" : false,
          "newFailed" : false,
          "parameters" : [ ]
        } ],
        "uid" : "42724b4132642610ead1f053837ca0fa"
      }, {
        "name" : "_030012 create Special Offer Types Range Discount",
        "children" : [ {
          "name" : "_030012 create Special Offer Types Range Discount",
          "uid" : "f7fbbb8884f4d79",
          "parentUid" : "d12f355295b340c967831145a71caa22",
          "status" : "passed",
          "time" : {
            "start" : 1704699720290,
            "stop" : 1704699748525,
            "duration" : 28235
          },
          "flaky" : false,
          "newFailed" : false,
          "parameters" : [ ]
        } ],
        "uid" : "d12f355295b340c967831145a71caa22"
      }, {
        "name" : "_030013 create Special Offer Rules (Partner term)",
        "children" : [ {
          "name" : "_030013 create Special Offer Rules (Partner term)",
          "uid" : "1b1c7dcb4a907bab",
          "parentUid" : "368c718968e86bc2fb1ffe551bc77a01",
          "status" : "passed",
          "time" : {
            "start" : 1704699748526,
            "stop" : 1704699760189,
            "duration" : 11663
          },
          "flaky" : false,
          "newFailed" : false,
          "parameters" : [ ]
        } ],
        "uid" : "368c718968e86bc2fb1ffe551bc77a01"
      }, {
        "name" : "_030014 create Special Offer (group Maximum by row/Special Offers Maximum by row)",
        "children" : [ {
          "name" : "_030014 create Special Offer (group Maximum by row/Special Offers Maximum by row)",
          "uid" : "20a10f448acc5a14",
          "parentUid" : "8f98b0aa3f55d68fedbf9b69a2e3d4c6",
          "status" : "passed",
          "time" : {
            "start" : 1704699760189,
            "stop" : 1704699774723,
            "duration" : 14534
          },
          "flaky" : false,
          "newFailed" : false,
          "parameters" : [ ]
        } ],
        "uid" : "8f98b0aa3f55d68fedbf9b69a2e3d4c6"
      }, {
        "name" : "_030015 create Special Offer (group Sum)",
        "children" : [ {
          "name" : "_030015 create Special Offer (group Sum)",
          "uid" : "9f0f6242e50fb4d",
          "parentUid" : "40252580c702cf801600013e9aee2705",
          "status" : "passed",
          "time" : {
            "start" : 1704699774723,
            "stop" : 1704699786508,
            "duration" : 11785
          },
          "flaky" : false,
          "newFailed" : false,
          "parameters" : [ ]
        } ],
        "uid" : "40252580c702cf801600013e9aee2705"
      }, {
        "name" : "_030016 create Special Offer (group Minimum )",
        "children" : [ {
          "name" : "_030016 create Special Offer (group Minimum )",
          "uid" : "a5b037a31176fff1",
          "parentUid" : "6c7c1d6733d316cd07fc19da1ec14f31",
          "status" : "passed",
          "time" : {
            "start" : 1704699786508,
            "stop" : 1704699798291,
            "duration" : 11783
          },
          "flaky" : false,
          "newFailed" : false,
          "parameters" : [ ]
        } ],
        "uid" : "6c7c1d6733d316cd07fc19da1ec14f31"
      }, {
        "name" : "_030017 create Special Offer (manual) Discount Price 1-2 (discount price, group maximum)",
        "children" : [ {
          "name" : "_030017 create Special Offer (manual) Discount Price 1-2 (discount price, group maximum)",
          "uid" : "e36766dd5a39464",
          "parentUid" : "39a3e4e9fbb7c7f9c11a10c9b84b192c",
          "status" : "passed",
          "time" : {
            "start" : 1704699798291,
            "stop" : 1704699835517,
            "duration" : 37226
          },
          "flaky" : false,
          "newFailed" : false,
          "parameters" : [ ]
        } ],
        "uid" : "39a3e4e9fbb7c7f9c11a10c9b84b192c"
      }, {
        "name" : "_030018 create Special Offer - Special Message (Notification)",
        "children" : [ {
          "name" : "_030018 create Special Offer - Special Message (Notification)",
          "uid" : "ffbb0cbb0ee7b55f",
          "parentUid" : "5b6967e8060475d4833d66f146e8b4f3",
          "status" : "passed",
          "time" : {
            "start" : 1704699835517,
            "stop" : 1704699855957,
            "duration" : 20440
          },
          "flaky" : false,
          "newFailed" : false,
          "parameters" : [ ]
        } ],
        "uid" : "5b6967e8060475d4833d66f146e8b4f3"
      }, {
        "name" : "_030019 create Special Offer - Special Message (DialogBox)",
        "children" : [ {
          "name" : "_030019 create Special Offer - Special Message (DialogBox)",
          "uid" : "42566523902e0a2a",
          "parentUid" : "ae9bbb043032511dc312cab1f1c771ce",
          "status" : "passed",
          "time" : {
            "start" : 1704699855957,
            "stop" : 1704699875422,
            "duration" : 19465
          },
          "flaky" : false,
          "newFailed" : false,
          "parameters" : [ ]
        } ],
        "uid" : "ae9bbb043032511dc312cab1f1c771ce"
      }, {
        "name" : "_030020 create Special Offer, automatic use Discount Price 1-2 without Vat (discount price, group minimum)",
        "children" : [ {
          "name" : "_030020 create Special Offer, automatic use Discount Price 1-2 without Vat (discount price, group minimum)",
          "uid" : "1d93de63a6a6aa8c",
          "parentUid" : "d62ccf284a85e9ef9a34a810c5d9881a",
          "status" : "passed",
          "time" : {
            "start" : 1704699875422,
            "stop" : 1704699905157,
            "duration" : 29735
          },
          "flaky" : false,
          "newFailed" : false,
          "parameters" : [ ]
        } ],
        "uid" : "d62ccf284a85e9ef9a34a810c5d9881a"
      }, {
        "name" : "_030021 moving special offer from one group to another",
        "children" : [ {
          "name" : "_030021 moving special offer from one group to another",
          "uid" : "5b913058ea0b2e3a",
          "parentUid" : "25ddc183ad1f63d75a4b5f9f230b6b22",
          "status" : "passed",
          "time" : {
            "start" : 1704699905159,
            "stop" : 1704699906639,
            "duration" : 1480
          },
          "flaky" : false,
          "newFailed" : false,
          "parameters" : [ ]
        } ],
        "uid" : "25ddc183ad1f63d75a4b5f9f230b6b22"
      }, {
        "name" : "_030022 create special offer group within another special offer group",
        "children" : [ {
          "name" : "_030022 create special offer group within another special offer group",
          "uid" : "72760e5bf7d7dff3",
          "parentUid" : "66870aec8c778646c307df94116702c4",
          "status" : "passed",
          "time" : {
            "start" : 1704699906639,
            "stop" : 1704699913698,
            "duration" : 7059
          },
          "flaky" : false,
          "newFailed" : false,
          "parameters" : [ ]
        } ],
        "uid" : "66870aec8c778646c307df94116702c4"
      }, {
        "name" : "_030023 moving a special offer inside another special offer (Parent change)",
        "children" : [ {
          "name" : "_030023 moving a special offer inside another special offer (Parent change)",
          "uid" : "2fa459f5aaaba474",
          "parentUid" : "cca6ad157349be30fad95804b8afbd03",
          "status" : "passed",
          "time" : {
            "start" : 1704699913698,
            "stop" : 1704699915498,
            "duration" : 1800
          },
          "flaky" : false,
          "newFailed" : false,
          "parameters" : [ ]
        } ],
        "uid" : "cca6ad157349be30fad95804b8afbd03"
      }, {
        "name" : "_030024 create special offer Present Discount",
        "children" : [ {
          "name" : "_030024 create special offer Present Discount",
          "uid" : "4b0d556dd87f0a54",
          "parentUid" : "df1892c532211b2d896c9d77443340cb",
          "status" : "passed",
          "time" : {
            "start" : 1704699915498,
            "stop" : 1704699960907,
            "duration" : 45409
          },
          "flaky" : false,
          "newFailed" : false,
          "parameters" : [ ]
        } ],
        "uid" : "df1892c532211b2d896c9d77443340cb"
      }, {
        "name" : "_030025 create Range Discount",
        "children" : [ {
          "name" : "_030025 create Range Discount",
          "uid" : "79b9ddbb480bd902",
          "parentUid" : "f3d9aea78311bfa4974eec1603592faa",
          "status" : "passed",
          "time" : {
            "start" : 1704699960908,
            "stop" : 1704699991081,
            "duration" : 30173
          },
          "flaky" : false,
          "newFailed" : false,
          "parameters" : [ ]
        } ],
        "uid" : "f3d9aea78311bfa4974eec1603592faa"
      }, {
        "name" : "_030026 create Document discount",
        "children" : [ {
          "name" : "_030026 create Document discount",
          "uid" : "c5d037d97e41c32b",
          "parentUid" : "7d77fd6c345f14816d7960ee6f6aa795",
          "status" : "passed",
          "time" : {
            "start" : 1704699991081,
            "stop" : 1704699997009,
            "duration" : 5928
          },
          "flaky" : false,
          "newFailed" : false,
          "parameters" : [ ]
        } ],
        "uid" : "7d77fd6c345f14816d7960ee6f6aa795"
      }, {
        "name" : "_030028 create group consistently",
        "children" : [ {
          "name" : "_030028 create group consistently",
          "uid" : "565bade99ab3e3bf",
          "parentUid" : "2fcc189e58f9ceb7f308e37d030759e2",
          "status" : "passed",
          "time" : {
            "start" : 1704699997009,
            "stop" : 1704700009546,
            "duration" : 12537
          },
          "flaky" : false,
          "newFailed" : false,
          "parameters" : [ ]
        } ],
        "uid" : "2fcc189e58f9ceb7f308e37d030759e2"
      }, {
        "name" : "_030030 create Discount coupon",
        "children" : [ {
          "name" : "_030030 create Discount coupon",
          "uid" : "79cf2c1a4667b937",
          "parentUid" : "a48b2bca7d9e15eb2d81d5d9596e93c3",
          "status" : "passed",
          "time" : {
            "start" : 1704700009546,
            "stop" : 1704700015443,
            "duration" : 5897
          },
          "flaky" : false,
          "newFailed" : false,
          "parameters" : [ ]
        } ],
        "uid" : "a48b2bca7d9e15eb2d81d5d9596e93c3"
      }, {
        "name" : "_030031 create two plus part of third discount",
        "children" : [ {
          "name" : "_030031 create two plus part of third discount",
          "uid" : "8d3c34a77d107b5b",
          "parentUid" : "28b78121824df25a003e9e77f5962266",
          "status" : "passed",
          "time" : {
            "start" : 1704700015444,
            "stop" : 1704700023348,
            "duration" : 7904
          },
          "flaky" : false,
          "newFailed" : false,
          "parameters" : [ ]
        } ],
        "uid" : "28b78121824df25a003e9e77f5962266"
      } ],
      "uid" : "f30e01c52181a3252463e08bdc17e7e9"
    } ],
    "uid" : "cfae5e0a85de2fffd2acde3e57263c30"
  }, {
    "name" : "calculation of discounts in a group Minimum (type joings Minimum, Special Offers MaxInRow)",
    "children" : [ {
      "name" : "_0320StationaryOrderDiscountMinimum",
      "children" : [ {
        "name" : "_032000 discount form",
        "children" : [ {
          "name" : "_032000 discount form",
          "uid" : "e4ee76d3fe1112cd",
          "parentUid" : "8ca303cc52fd87868ea81fe15bdda1b7",
          "status" : "passed",
          "time" : {
            "start" : 1704700023348,
            "stop" : 1704700027816,
            "duration" : 4468
          },
          "flaky" : false,
          "newFailed" : false,
          "parameters" : [ ]
        } ],
        "uid" : "8ca303cc52fd87868ea81fe15bdda1b7"
      }, {
        "name" : "_032001 discount calculation Discount 2 without Vat in the group Sum in Minimum and Discount 1 without Vat in the group Minimum (manual)",
        "children" : [ {
          "name" : "_032001 discount calculation Discount 2 without Vat in the group Sum in Minimum and Discount 1 without Vat in the group Minimum (manual)",
          "uid" : "fae1d754096676d7",
          "parentUid" : "507bb52b929e8a960f642295ca2483a0",
          "status" : "passed",
          "time" : {
            "start" : 1704700027817,
            "stop" : 1704700037281,
            "duration" : 9464
          },
          "flaky" : false,
          "newFailed" : false,
          "parameters" : [ ]
        } ],
        "uid" : "507bb52b929e8a960f642295ca2483a0"
      }, {
        "name" : "_032002 discount calculation Discount 2 without Vat in the group Sum in Minimum and Discount 1 without Vat in the group Minimum (auto)",
        "children" : [ {
          "name" : "_032002 discount calculation Discount 2 without Vat in the group Sum in Minimum and Discount 1 without Vat in the group Minimum (auto)",
          "uid" : "5a3f96f161c67d93",
          "parentUid" : "9402de43dd9255b3709de2cc4c77e875",
          "status" : "passed",
          "time" : {
            "start" : 1704700037281,
            "stop" : 1704700050889,
            "duration" : 13608
          },
          "flaky" : false,
          "newFailed" : false,
          "parameters" : [ ]
        } ],
        "uid" : "9402de43dd9255b3709de2cc4c77e875"
      }, {
        "name" : "_032003 discount calculation Discount 2 without Vat in the main group Special Offers, Discount 1 without Vat in the group Sum in Minimum (auto)",
        "children" : [ {
          "name" : "_032003 discount calculation Discount 2 without Vat in the main group Special Offers, Discount 1 without Vat in the group Sum in Minimum (auto)",
          "uid" : "59a40169feca083d",
          "parentUid" : "6d46eab92f593919efe947b7135b1425",
          "status" : "passed",
          "time" : {
            "start" : 1704700050889,
            "stop" : 1704700059027,
            "duration" : 8138
          },
          "flaky" : false,
          "newFailed" : false,
          "parameters" : [ ]
        } ],
        "uid" : "6d46eab92f593919efe947b7135b1425"
      }, {
        "name" : "_032004 discount calculation Discount 1 without Vat in the main group Special Offers, Discount 2 without Vat in the group Sum in Minimum (auto)",
        "children" : [ {
          "name" : "_032004 discount calculation Discount 1 without Vat in the main group Special Offers, Discount 2 without Vat in the group Sum in Minimum (auto)",
          "uid" : "12034274c91ebac2",
          "parentUid" : "671a1482a2f94f664099bfa3e8367f24",
          "status" : "passed",
          "time" : {
            "start" : 1704700059028,
            "stop" : 1704700067757,
            "duration" : 8729
          },
          "flaky" : false,
          "newFailed" : false,
          "parameters" : [ ]
        } ],
        "uid" : "671a1482a2f94f664099bfa3e8367f24"
      }, {
        "name" : "_032005 change Special offers main group Maximum by row to Minimum",
        "children" : [ {
          "name" : "_032005 change Special offers main group Maximum by row to Minimum",
          "uid" : "8ff0a3acbabe0c1e",
          "parentUid" : "9de03c95c799b2af266cad71ee743fdc",
          "status" : "passed",
          "time" : {
            "start" : 1704700067757,
            "stop" : 1704700078598,
            "duration" : 10841
          },
          "flaky" : false,
          "newFailed" : false,
          "parameters" : [ ]
        } ],
        "uid" : "9de03c95c799b2af266cad71ee743fdc"
      }, {
        "name" : "_032006 check the discount order (same application rule), Discount Price 1 in the group Maximum, Discount Price 2 in the group Minimum (auto), priority Discount Price 1 higher than Discount Price 2",
        "children" : [ {
          "name" : "_032006 check the discount order (same application rule), Discount Price 1 in the group Maximum, Discount Price 2 in the group Minimum (auto), priority Discount Price 1 higher than Discount Price 2",
          "uid" : "86cd4c77bf064916",
          "parentUid" : "923a5f03e5f12864e4e2d8a25de80211",
          "status" : "passed",
          "time" : {
            "start" : 1704700078598,
            "stop" : 1704700095181,
            "duration" : 16583
          },
          "flaky" : false,
          "newFailed" : false,
          "parameters" : [ ]
        } ],
        "uid" : "923a5f03e5f12864e4e2d8a25de80211"
      }, {
        "name" : "_032007 check the discount order (same application rule), Discount Price 1 in the group Maximum, Discount Price 2 in the group Minimum (auto), priority Discount Price 1 lower than Discount Price 2",
        "children" : [ {
          "name" : "_032007 check the discount order (same application rule), Discount Price 1 in the group Maximum, Discount Price 2 in the group Minimum (auto), priority Discount Price 1 lower than Discount Price 2",
          "uid" : "f5de49263ab8e825",
          "parentUid" : "d40727fd1c98a376f5bc74c56b13cac6",
          "status" : "passed",
          "time" : {
            "start" : 1704700095182,
            "stop" : 1704700105744,
            "duration" : 10562
          },
          "flaky" : false,
          "newFailed" : false,
          "parameters" : [ ]
        } ],
        "uid" : "d40727fd1c98a376f5bc74c56b13cac6"
      }, {
        "name" : "_032008 check the discount order (same application rule), Discount Price 1 in the group Maximum, Discount Price 2 in the group Minimum (Discount Price 1 manual, Discount Price 2 - auto), priority Discount Price 1 higher than Discount Price 2",
        "children" : [ {
          "name" : "_032008 check the discount order (same application rule), Discount Price 1 in the group Maximum, Discount Price 2 in the group Minimum (Discount Price 1 manual, Discount Price 2 - auto), priority Discount Price 1 higher than Discount Price 2",
          "uid" : "bcd2c705749c6091",
          "parentUid" : "713032dfabc7e348619925b35e985cda",
          "status" : "passed",
          "time" : {
            "start" : 1704700105744,
            "stop" : 1704700118951,
            "duration" : 13207
          },
          "flaky" : false,
          "newFailed" : false,
          "parameters" : [ ]
        } ],
        "uid" : "713032dfabc7e348619925b35e985cda"
      }, {
        "name" : "_032009 check the discount order (same application rule), Discount Price 1 in the group Maximum, Discount Price 2 in the group Minimum (Discount Price 2 manual, Discount Price 1 - auto), priority Discount Price 1 lower than Discount Price 2",
        "children" : [ {
          "name" : "_032009 check the discount order (same application rule), Discount Price 1 in the group Maximum, Discount Price 2 in the group Minimum (Discount Price 2 manual, Discount Price 1 - auto), priority Discount Price 1 lower than Discount Price 2",
          "uid" : "b7a9e88a0f9e6a4e",
          "parentUid" : "d5223ae7931d54279c0e6443f050ca79",
          "status" : "passed",
          "time" : {
            "start" : 1704700118951,
            "stop" : 1704700135009,
            "duration" : 16058
          },
          "flaky" : false,
          "newFailed" : false,
          "parameters" : [ ]
        } ],
        "uid" : "d5223ae7931d54279c0e6443f050ca79"
      }, {
        "name" : "_032010 check the discount order (same application rule), Discount Price 1 in the group Minimum, Discount Price 2 in the group Maximum (2 auto), priority Discount Price 1 higher than Discount Price 2",
        "children" : [ {
          "name" : "_032010 check the discount order (same application rule), Discount Price 1 in the group Minimum, Discount Price 2 in the group Maximum (2 auto), priority Discount Price 1 higher than Discount Price 2",
          "uid" : "363ee2b541904a44",
          "parentUid" : "ca134da5e798b4e24020589476a57903",
          "status" : "passed",
          "time" : {
            "start" : 1704700135010,
            "stop" : 1704700151657,
            "duration" : 16647
          },
          "flaky" : false,
          "newFailed" : false,
          "parameters" : [ ]
        } ],
        "uid" : "ca134da5e798b4e24020589476a57903"
      }, {
        "name" : "_032011 check the discount order (same application rule), Discount Price 1 in the group Minimum, Discount Price 2 in the group Maximum (auto), priority Discount Price 1 lower than Discount Price 2",
        "children" : [ {
          "name" : "_032011 check the discount order (same application rule), Discount Price 1 in the group Minimum, Discount Price 2 in the group Maximum (auto), priority Discount Price 1 lower than Discount Price 2",
          "uid" : "f10e2cf0c5fee32f",
          "parentUid" : "0281afc58e0537127dc6640eb63e06a8",
          "status" : "passed",
          "time" : {
            "start" : 1704700151658,
            "stop" : 1704700162440,
            "duration" : 10782
          },
          "flaky" : false,
          "newFailed" : false,
          "parameters" : [ ]
        } ],
        "uid" : "0281afc58e0537127dc6640eb63e06a8"
      }, {
        "name" : "_032012 check the discount order (same application rule), Discount Price 1 in the group Minimum, Discount Price 2 in the group Maximum (Discount Price 1 manual, Discount Price 2 - auto), priority Discount Price 1 higher than Discount Price 2",
        "children" : [ {
          "name" : "_032012 check the discount order (same application rule), Discount Price 1 in the group Minimum, Discount Price 2 in the group Maximum (Discount Price 1 manual, Discount Price 2 - auto), priority Discount Price 1 higher than Discount Price 2",
          "uid" : "fcfc805eb7b32f2c",
          "parentUid" : "caa420c70eb6d5087f58ad178b90895b",
          "status" : "passed",
          "time" : {
            "start" : 1704700162440,
            "stop" : 1704700175649,
            "duration" : 13209
          },
          "flaky" : false,
          "newFailed" : false,
          "parameters" : [ ]
        } ],
        "uid" : "caa420c70eb6d5087f58ad178b90895b"
      }, {
        "name" : "_032013 check the discount order (same application rule), Discount Price 1 in the group Minimum, Discount Price 2 in the group Maximum (Discount Price 2 manual, Discount Price 1 - auto), priority Discount Price 1 lower than Discount Price 2",
        "children" : [ {
          "name" : "_032013 check the discount order (same application rule), Discount Price 1 in the group Minimum, Discount Price 2 in the group Maximum (Discount Price 2 manual, Discount Price 1 - auto), priority Discount Price 1 lower than Discount Price 2",
          "uid" : "88b3b995d76172e2",
          "parentUid" : "a4633b227817abea6b3159616231fd75",
          "status" : "passed",
          "time" : {
            "start" : 1704700175649,
            "stop" : 1704700191690,
            "duration" : 16041
          },
          "flaky" : false,
          "newFailed" : false,
          "parameters" : [ ]
        } ],
        "uid" : "a4633b227817abea6b3159616231fd75"
      }, {
        "name" : "_032014 check the discount order (same application rule), Discount Price 1 in the group Minimum, Discount Price 2 in the group Maximum (manual), priority Discount Price 1 higher than Discount Price 2",
        "children" : [ {
          "name" : "_032014 check the discount order (same application rule), Discount Price 1 in the group Minimum, Discount Price 2 in the group Maximum (manual), priority Discount Price 1 higher than Discount Price 2",
          "uid" : "b5dcb075e325e20a",
          "parentUid" : "3d0acc744aa04d407807e5f5dfa0f52b",
          "status" : "passed",
          "time" : {
            "start" : 1704700191690,
            "stop" : 1704700206951,
            "duration" : 15261
          },
          "flaky" : false,
          "newFailed" : false,
          "parameters" : [ ]
        } ],
        "uid" : "3d0acc744aa04d407807e5f5dfa0f52b"
      }, {
        "name" : "_032015 check the discount order (same application rule), Discount Price 1 in the group Minimum, Discount Price 2 in the group Maximum (manual), priority Discount Price 1 lower than Discount Price 2",
        "children" : [ {
          "name" : "_032015 check the discount order (same application rule), Discount Price 1 in the group Minimum, Discount Price 2 in the group Maximum (manual), priority Discount Price 1 lower than Discount Price 2",
          "uid" : "543db6dcd05e5bdc",
          "parentUid" : "d10bd960bf0ff21fe054dadccfa07ac6",
          "status" : "passed",
          "time" : {
            "start" : 1704700206951,
            "stop" : 1704700216679,
            "duration" : 9728
          },
          "flaky" : false,
          "newFailed" : false,
          "parameters" : [ ]
        } ],
        "uid" : "d10bd960bf0ff21fe054dadccfa07ac6"
      }, {
        "name" : "_032016 check the discount order (same application rule), Discount Price 1 in the group Maximum, Discount Price 2 in the group Sum (auto), priority Discount Price 1 higher than Discount Price 2",
        "children" : [ {
          "name" : "_032016 check the discount order (same application rule), Discount Price 1 in the group Maximum, Discount Price 2 in the group Sum (auto), priority Discount Price 1 higher than Discount Price 2",
          "uid" : "28f9982842c86117",
          "parentUid" : "ec740895bc3e029cc2579f911e4238e2",
          "status" : "passed",
          "time" : {
            "start" : 1704700216679,
            "stop" : 1704700233413,
            "duration" : 16734
          },
          "flaky" : false,
          "newFailed" : false,
          "parameters" : [ ]
        } ],
        "uid" : "ec740895bc3e029cc2579f911e4238e2"
      }, {
        "name" : "_032017 check the discount order (same application rule), Discount Price 1 in the group Maximum, Discount Price 2 in the group Sum (auto), priority Discount Price 1 lower than Discount Price 2",
        "children" : [ {
          "name" : "_032017 check the discount order (same application rule), Discount Price 1 in the group Maximum, Discount Price 2 in the group Sum (auto), priority Discount Price 1 lower than Discount Price 2",
          "uid" : "cbb79d216f3cded0",
          "parentUid" : "d6f5f22cc5d5f6b0291aadd45647da1a",
          "status" : "passed",
          "time" : {
            "start" : 1704700233414,
            "stop" : 1704700243945,
            "duration" : 10531
          },
          "flaky" : false,
          "newFailed" : false,
          "parameters" : [ ]
        } ],
        "uid" : "d6f5f22cc5d5f6b0291aadd45647da1a"
      }, {
        "name" : "_032018 check the discount order (same application rule), Discount Price 1 in the group Maximum, Discount Price 2 in the group Sum (Discount Price 1 manual, Discount Price 2 - auto), priority Discount Price 1 higher than Discount Price 2",
        "children" : [ {
          "name" : "_032018 check the discount order (same application rule), Discount Price 1 in the group Maximum, Discount Price 2 in the group Sum (Discount Price 1 manual, Discount Price 2 - auto), priority Discount Price 1 higher than Discount Price 2",
          "uid" : "d7e61d23ff7afa7",
          "parentUid" : "31963c49ed510f8d64bd8700db6f1533",
          "status" : "passed",
          "time" : {
            "start" : 1704700243945,
            "stop" : 1704700257312,
            "duration" : 13367
          },
          "flaky" : false,
          "newFailed" : false,
          "parameters" : [ ]
        } ],
        "uid" : "31963c49ed510f8d64bd8700db6f1533"
      }, {
        "name" : "_032019 check the discount order (same application rule), Discount Price 1 in the group Maximum, Discount Price 2 in the group Sum (manual), priority Discount Price 1 higher than Discount Price 2",
        "children" : [ {
          "name" : "_032019 check the discount order (same application rule), Discount Price 1 in the group Maximum, Discount Price 2 in the group Sum (manual), priority Discount Price 1 higher than Discount Price 2",
          "uid" : "b2e54177508ce2f8",
          "parentUid" : "7dd197bd0aee1e74d1fa2c8cfb696738",
          "status" : "passed",
          "time" : {
            "start" : 1704700257313,
            "stop" : 1704700268310,
            "duration" : 10997
          },
          "flaky" : false,
          "newFailed" : false,
          "parameters" : [ ]
        } ],
        "uid" : "7dd197bd0aee1e74d1fa2c8cfb696738"
      }, {
        "name" : "_032020 check the discount order (same application rule), Discount Price 1 in the group Minimum, Discount Price 2 in the group Sum (auto), priority Discount Price 1 higher than Discount Price 2",
        "children" : [ {
          "name" : "_032020 check the discount order (same application rule), Discount Price 1 in the group Minimum, Discount Price 2 in the group Sum (auto), priority Discount Price 1 higher than Discount Price 2",
          "uid" : "4ed4c1617eec1ef1",
          "parentUid" : "812bcdcb8c49fb79593d17761e59c2b6",
          "status" : "passed",
          "time" : {
            "start" : 1704700268310,
            "stop" : 1704700282105,
            "duration" : 13795
          },
          "flaky" : false,
          "newFailed" : false,
          "parameters" : [ ]
        } ],
        "uid" : "812bcdcb8c49fb79593d17761e59c2b6"
      }, {
        "name" : "_032021 check the discount order (same application rule), Discount Price 1 in the group Minimum, Discount Price 2 in the group Sum (auto), priority Discount Price 1 lower than Discount Price 2",
        "children" : [ {
          "name" : "_032021 check the discount order (same application rule), Discount Price 1 in the group Minimum, Discount Price 2 in the group Sum (auto), priority Discount Price 1 lower than Discount Price 2",
          "uid" : "66a431d08b7e0712",
          "parentUid" : "fad8f5f3041d38bd671bc271c0163e2f",
          "status" : "passed",
          "time" : {
            "start" : 1704700282105,
            "stop" : 1704700292684,
            "duration" : 10579
          },
          "flaky" : false,
          "newFailed" : false,
          "parameters" : [ ]
        } ],
        "uid" : "fad8f5f3041d38bd671bc271c0163e2f"
      }, {
        "name" : "_032022 check the discount order (same application rule), Discount Price 1 in the group Minimum, Discount Price 2 in the group Sum (Discount Price 1 manual, Discount Price 2 - auto), priority Discount Price 1 higher than Discount Price 2",
        "children" : [ {
          "name" : "_032022 check the discount order (same application rule), Discount Price 1 in the group Minimum, Discount Price 2 in the group Sum (Discount Price 1 manual, Discount Price 2 - auto), priority Discount Price 1 higher than Discount Price 2",
          "uid" : "515dc53ff0b9fe1d",
          "parentUid" : "0d44ef1b9ef0bd53e0239c656e20e86c",
          "status" : "passed",
          "time" : {
            "start" : 1704700292684,
            "stop" : 1704700306086,
            "duration" : 13402
          },
          "flaky" : false,
          "newFailed" : false,
          "parameters" : [ ]
        } ],
        "uid" : "0d44ef1b9ef0bd53e0239c656e20e86c"
      }, {
        "name" : "_032023 check the discount order (same application rule), Discount Price 1 in the group Minimum, Discount Price 2 in the group Sum (Discount Price 2 manual, Discount Price 1 - auto), priority Discount Price 1 lower than Discount Price 2",
        "children" : [ {
          "name" : "_032023 check the discount order (same application rule), Discount Price 1 in the group Minimum, Discount Price 2 in the group Sum (Discount Price 2 manual, Discount Price 1 - auto), priority Discount Price 1 lower than Discount Price 2",
          "uid" : "92ba898c0a1ae365",
          "parentUid" : "eca01cfaac97f13868ae62703a74528d",
          "status" : "passed",
          "time" : {
            "start" : 1704700306087,
            "stop" : 1704700321934,
            "duration" : 15847
          },
          "flaky" : false,
          "newFailed" : false,
          "parameters" : [ ]
        } ],
        "uid" : "eca01cfaac97f13868ae62703a74528d"
      }, {
        "name" : "_032024 check the discount order (same application rule), Discount Price 1 in the group Minimum, Discount Price 2 in the group Sum (manual), priority Discount Price 1 higher than Discount Price 2",
        "children" : [ {
          "name" : "_032024 check the discount order (same application rule), Discount Price 1 in the group Minimum, Discount Price 2 in the group Sum (manual), priority Discount Price 1 higher than Discount Price 2",
          "uid" : "3edf24fab315dc5e",
          "parentUid" : "ef1377a8034a4a02b78c3efa743192e4",
          "status" : "passed",
          "time" : {
            "start" : 1704700321935,
            "stop" : 1704700335351,
            "duration" : 13416
          },
          "flaky" : false,
          "newFailed" : false,
          "parameters" : [ ]
        } ],
        "uid" : "ef1377a8034a4a02b78c3efa743192e4"
      }, {
        "name" : "_032025 check the discount order (same application rule), Discount Price 1 in the group Minimum, Discount Price 2 in the group Sum (manual), priority Discount Price 1 lower than Discount Price 2",
        "children" : [ {
          "name" : "_032025 check the discount order (same application rule), Discount Price 1 in the group Minimum, Discount Price 2 in the group Sum (manual), priority Discount Price 1 lower than Discount Price 2",
          "uid" : "98f9354b50a9d4a8",
          "parentUid" : "01531b1ee6dc9f88915b96a88c82dbda",
          "status" : "passed",
          "time" : {
            "start" : 1704700335352,
            "stop" : 1704700346316,
            "duration" : 10964
          },
          "flaky" : false,
          "newFailed" : false,
          "parameters" : [ ]
        } ],
        "uid" : "01531b1ee6dc9f88915b96a88c82dbda"
      } ],
      "uid" : "e59df8cff8c6712cbb47fb75ce6d705d"
    } ],
    "uid" : "7980c875008d8ee1d1cb56a42d96ba76"
  }, {
    "name" : "range discount",
    "children" : [ {
      "name" : "_0334StationaryOrderDiscountRange",
      "children" : [ {
        "name" : "_033401 preparation",
        "children" : [ {
          "name" : "_033401 preparation",
          "uid" : "9f16c088bae33382",
          "parentUid" : "390132cbca79ee205add78c4e4347a20",
          "status" : "passed",
          "time" : {
            "start" : 1704700346316,
            "stop" : 1704700361671,
            "duration" : 15355
          },
          "flaky" : false,
          "newFailed" : false,
          "parameters" : [ ]
        } ],
        "uid" : "390132cbca79ee205add78c4e4347a20"
      }, {
        "name" : "_033402 range discount calculation by line",
        "children" : [ {
          "name" : "_033402 range discount calculation by line",
          "uid" : "d6ca0f1cf91d8b0b",
          "parentUid" : "0ad70fa35d2b0458543052c024f6ae61",
          "status" : "passed",
          "time" : {
            "start" : 1704700361671,
            "stop" : 1704700374764,
            "duration" : 13093
          },
          "flaky" : false,
          "newFailed" : false,
          "parameters" : [ ]
        } ],
        "uid" : "0ad70fa35d2b0458543052c024f6ae61"
      }, {
        "name" : "_033403 check of the minimum percentage of the range discount by lines",
        "children" : [ {
          "name" : "_033403 check of the minimum percentage of the range discount by lines",
          "uid" : "8d790d4000020f1c",
          "parentUid" : "af8fc293e2f383406a9989563721ad9e",
          "status" : "passed",
          "time" : {
            "start" : 1704700374764,
            "stop" : 1704700390274,
            "duration" : 15510
          },
          "flaky" : false,
          "newFailed" : false,
          "parameters" : [ ]
        } ],
        "uid" : "af8fc293e2f383406a9989563721ad9e"
      }, {
        "name" : "_033404 check of the maximum percentage of the range discount by lines",
        "children" : [ {
          "name" : "_033404 check of the maximum percentage of the range discount by lines",
          "uid" : "c778e660416b09e2",
          "parentUid" : "19b983f7823cb69ba660b8a0070b566c",
          "status" : "passed",
          "time" : {
            "start" : 1704700390275,
            "stop" : 1704700404974,
            "duration" : 14699
          },
          "flaky" : false,
          "newFailed" : false,
          "parameters" : [ ]
        } ],
        "uid" : "19b983f7823cb69ba660b8a0070b566c"
      }, {
        "name" : "_033405 Range discount and Special price discount calculation",
        "children" : [ {
          "name" : "_033405 Range discount and Special price discount calculation",
          "uid" : "2e919397e34a2e95",
          "parentUid" : "1871680f521cfc8a7cb8e0d9b79169b1",
          "status" : "passed",
          "time" : {
            "start" : 1704700404974,
            "stop" : 1704700418454,
            "duration" : 13480
          },
          "flaky" : false,
          "newFailed" : false,
          "parameters" : [ ]
        } ],
        "uid" : "1871680f521cfc8a7cb8e0d9b79169b1"
      }, {
        "name" : "_033406 check the discount order Range discount and crowding out 2 price special offers",
        "children" : [ {
          "name" : "_033406 check the discount order Range discount and crowding out 2 price special offers",
          "uid" : "12536b103af509fb",
          "parentUid" : "b9939d2dea5b4c6cdd2cb31b42548836",
          "status" : "passed",
          "time" : {
            "start" : 1704700418454,
            "stop" : 1704700431926,
            "duration" : 13472
          },
          "flaky" : false,
          "newFailed" : false,
          "parameters" : [ ]
        } ],
        "uid" : "b9939d2dea5b4c6cdd2cb31b42548836"
      }, {
        "name" : "_033407 range discount recalculation when the quantity of items in the order changes",
        "children" : [ {
          "name" : "_033407 range discount recalculation when the quantity of items in the order changes",
          "uid" : "67ca4ec5bd0f181f",
          "parentUid" : "ca4563b2f5f3c07f484bcf0041535e16",
          "status" : "passed",
          "time" : {
            "start" : 1704700431927,
            "stop" : 1704700443624,
            "duration" : 11697
          },
          "flaky" : false,
          "newFailed" : false,
          "parameters" : [ ]
        } ],
        "uid" : "ca4563b2f5f3c07f484bcf0041535e16"
      } ],
      "uid" : "377e5a6e3cca4b47fd2aab2d4a496677"
    } ],
    "uid" : "7ce87a42f217bbd42aad5db4cee77eba"
  }, {
    "name" : "create order with special offer type - price type (Type joings MaxInRow, Special Offers MaxInRow)",
    "children" : [ {
      "name" : "_0335StationaryOrderDiscountMax",
      "children" : [ {
        "name" : "_033501 change in the main group Special offers rule Minimum to Maximum by row",
        "children" : [ {
          "name" : "_033501 change in the main group Special offers rule Minimum to Maximum by row",
          "uid" : "f64e3c614c592b84",
          "parentUid" : "23c2d60486d36f5e2832dea241263b66",
          "status" : "passed",
          "time" : {
            "start" : 1704700443624,
            "stop" : 1704700444838,
            "duration" : 1214
          },
          "flaky" : false,
          "newFailed" : false,
          "parameters" : [ ]
        } ],
        "uid" : "23c2d60486d36f5e2832dea241263b66"
      }, {
        "name" : "_033502 order creation discounted by price Discount Price 1 (price including VAT)",
        "children" : [ {
          "name" : "_033502 order creation discounted by price Discount Price 1 (price including VAT)",
          "uid" : "7014d8a2ff571700",
          "parentUid" : "3f015add8d92f334f2a8de130a015769",
          "status" : "passed",
          "time" : {
            "start" : 1704700444839,
            "stop" : 1704700451951,
            "duration" : 7112
          },
          "flaky" : false,
          "newFailed" : false,
          "parameters" : [ ]
        } ],
        "uid" : "3f015add8d92f334f2a8de130a015769"
      }, {
        "name" : "_033503 order creation discounted by price Discount Price 2 (price including VAT)",
        "children" : [ {
          "name" : "_033503 order creation discounted by price Discount Price 2 (price including VAT)",
          "uid" : "c45e619d4df3953a",
          "parentUid" : "2334ef0ac356a434cc6dda7175431da5",
          "status" : "passed",
          "time" : {
            "start" : 1704700451952,
            "stop" : 1704700459276,
            "duration" : 7324
          },
          "flaky" : false,
          "newFailed" : false,
          "parameters" : [ ]
        } ],
        "uid" : "2334ef0ac356a434cc6dda7175431da5"
      }, {
        "name" : "_033504 check the discount order in group Maximum (manual)",
        "children" : [ {
          "name" : "_033504 check the discount order in group Maximum (manual)",
          "uid" : "4b69a082dd8c44ed",
          "parentUid" : "ce19d9a0e5e2782a4ecf22e815ec5eef",
          "status" : "passed",
          "time" : {
            "start" : 1704700459277,
            "stop" : 1704700466264,
            "duration" : 6987
          },
          "flaky" : false,
          "newFailed" : false,
          "parameters" : [ ]
        } ],
        "uid" : "ce19d9a0e5e2782a4ecf22e815ec5eef"
      }, {
        "name" : "_033505 check the application of discounts Discount Price 1 without Vat (price not include VAT) - manual in the group Minimum and Discount Price 2 without Vat",
        "children" : [ {
          "name" : "_033505 check the application of discounts Discount Price 1 without Vat (price not include VAT) - manual in the group Minimum and Discount Price 2 without Vat",
          "uid" : "b15c90f3a6ec668e",
          "parentUid" : "940773b7f3bbbfebcdf74fa624173a0e",
          "status" : "passed",
          "time" : {
            "start" : 1704700466264,
            "stop" : 1704700484450,
            "duration" : 18186
          },
          "flaky" : false,
          "newFailed" : false,
          "parameters" : [ ]
        } ],
        "uid" : "940773b7f3bbbfebcdf74fa624173a0e"
      }, {
        "name" : "_033506  check the application of discounts Discount Price 2 without Vat (price not include VAT)- manual in the group Minimum and Discount Price 1 without Vat",
        "children" : [ {
          "name" : "_033506  check the application of discounts Discount Price 2 without Vat (price not include VAT)- manual in the group Minimum and Discount Price 1 without Vat",
          "uid" : "182912a9e029fc1",
          "parentUid" : "fa32125d444e6848a27b658de8b36056",
          "status" : "passed",
          "time" : {
            "start" : 1704700484452,
            "stop" : 1704700490759,
            "duration" : 6307
          },
          "flaky" : false,
          "newFailed" : false,
          "parameters" : [ ]
        } ],
        "uid" : "fa32125d444e6848a27b658de8b36056"
      }, {
        "name" : "_033507 check the discount order in group Minimum (auto)",
        "children" : [ {
          "name" : "_033507 check the discount order in group Minimum (auto)",
          "uid" : "a61170a5285679ed",
          "parentUid" : "1f0df8b977f8cecf640007411279011e",
          "status" : "passed",
          "time" : {
            "start" : 1704700490760,
            "stop" : 1704700507809,
            "duration" : 17049
          },
          "flaky" : false,
          "newFailed" : false,
          "parameters" : [ ]
        } ],
        "uid" : "1f0df8b977f8cecf640007411279011e"
      }, {
        "name" : "_033508 check the discount order in group Maximum (auto)",
        "children" : [ {
          "name" : "_033508 check the discount order in group Maximum (auto)",
          "uid" : "22c7f93ef9560f09",
          "parentUid" : "e0d25d54d09d12bd19b5894e8398b576",
          "status" : "passed",
          "time" : {
            "start" : 1704700507809,
            "stop" : 1704700518575,
            "duration" : 10766
          },
          "flaky" : false,
          "newFailed" : false,
          "parameters" : [ ]
        } ],
        "uid" : "e0d25d54d09d12bd19b5894e8398b576"
      }, {
        "name" : "_033509 check the discount order in group Sum (auto discount by price type + message)",
        "children" : [ {
          "name" : "_033509 check the discount order in group Sum (auto discount by price type + message)",
          "uid" : "151a43e0f9c42b48",
          "parentUid" : "206a4d321ff3d19230202bfe7a7171a5",
          "status" : "passed",
          "time" : {
            "start" : 1704700518576,
            "stop" : 1704700530967,
            "duration" : 12391
          },
          "flaky" : false,
          "newFailed" : false,
          "parameters" : [ ]
        } ],
        "uid" : "206a4d321ff3d19230202bfe7a7171a5"
      }, {
        "name" : "_033510 check the discount order in group Sum 2 auto message + price type discount",
        "children" : [ {
          "name" : "_033510 check the discount order in group Sum 2 auto message + price type discount",
          "uid" : "694ae962d51c4f0f",
          "parentUid" : "5a68dc90a38f1d6c8334750fa2d04f55",
          "status" : "passed",
          "time" : {
            "start" : 1704700530967,
            "stop" : 1704700549047,
            "duration" : 18080
          },
          "flaky" : false,
          "newFailed" : false,
          "parameters" : [ ]
        } ],
        "uid" : "5a68dc90a38f1d6c8334750fa2d04f55"
      }, {
        "name" : "_033511 check the discount order in group Sum 2 auto message",
        "children" : [ {
          "name" : "_033511 check the discount order in group Sum 2 auto message",
          "uid" : "4a72bc3cb4ff4e8f",
          "parentUid" : "395a4426a287e0496bccb2262d2e73b3",
          "status" : "passed",
          "time" : {
            "start" : 1704700549048,
            "stop" : 1704700563469,
            "duration" : 14421
          },
          "flaky" : false,
          "newFailed" : false,
          "parameters" : [ ]
        } ],
        "uid" : "395a4426a287e0496bccb2262d2e73b3"
      }, {
        "name" : "_033512 check the discount order in group Minimum (manual)",
        "children" : [ {
          "name" : "_033512 check the discount order in group Minimum (manual)",
          "uid" : "75c99fe4bea66c84",
          "parentUid" : "df87019f585d5b74fa8bba37dcabcaf9",
          "status" : "passed",
          "time" : {
            "start" : 1704700563470,
            "stop" : 1704700570632,
            "duration" : 7162
          },
          "flaky" : false,
          "newFailed" : false,
          "parameters" : [ ]
        } ],
        "uid" : "df87019f585d5b74fa8bba37dcabcaf9"
      }, {
        "name" : "_033513 check the discount order (same application rule), Discount Price 1 in the group Maximum, Discount Price 2 in the group Minimum (auto), priority Discount Price 1 higher than Discount Price 2",
        "children" : [ {
          "name" : "_033513 check the discount order (same application rule), Discount Price 1 in the group Maximum, Discount Price 2 in the group Minimum (auto), priority Discount Price 1 higher than Discount Price 2",
          "uid" : "2970ee49a1deb176",
          "parentUid" : "300d068679b261e6e0b705a484b559a1",
          "status" : "passed",
          "time" : {
            "start" : 1704700570633,
            "stop" : 1704700589935,
            "duration" : 19302
          },
          "flaky" : false,
          "newFailed" : false,
          "parameters" : [ ]
        } ],
        "uid" : "300d068679b261e6e0b705a484b559a1"
      }, {
        "name" : "_033514 check the discount order (same application rule), Discount Price 1 in the group Maximum, Discount Price 2 in the group Minimum (auto), priority Discount Price 1 lower than Discount Price 2",
        "children" : [ {
          "name" : "_033514 check the discount order (same application rule), Discount Price 1 in the group Maximum, Discount Price 2 in the group Minimum (auto), priority Discount Price 1 lower than Discount Price 2",
          "uid" : "cc04b396b56a24e7",
          "parentUid" : "38283d8eb22430146463af7dccb06266",
          "status" : "passed",
          "time" : {
            "start" : 1704700589935,
            "stop" : 1704700600899,
            "duration" : 10964
          },
          "flaky" : false,
          "newFailed" : false,
          "parameters" : [ ]
        } ],
        "uid" : "38283d8eb22430146463af7dccb06266"
      }, {
        "name" : "_033515 check the discount order (same application rule), Discount Price 1 in the group Maximum, Discount Price 2 in the group Minimum (Discount Price 1 manual, Discount Price 2 - auto), priority Discount Price 1 higher than Discount Price 2",
        "children" : [ {
          "name" : "_033515 check the discount order (same application rule), Discount Price 1 in the group Maximum, Discount Price 2 in the group Minimum (Discount Price 1 manual, Discount Price 2 - auto), priority Discount Price 1 higher than Discount Price 2",
          "uid" : "240a9d0e4b1b242c",
          "parentUid" : "dd8c7a8258eefd5f6e707c2ac5d3496c",
          "status" : "passed",
          "time" : {
            "start" : 1704700600899,
            "stop" : 1704700614536,
            "duration" : 13637
          },
          "flaky" : false,
          "newFailed" : false,
          "parameters" : [ ]
        } ],
        "uid" : "dd8c7a8258eefd5f6e707c2ac5d3496c"
      }, {
        "name" : "_033516 check the discount order (same application rule), Discount Price 1 in the group Maximum, Discount Price 2 in the group Minimum (Discount Price 2 manual, Discount Price 1 - auto), priority Discount Price 1 lower than Discount Price 2",
        "children" : [ {
          "name" : "_033516 check the discount order (same application rule), Discount Price 1 in the group Maximum, Discount Price 2 in the group Minimum (Discount Price 2 manual, Discount Price 1 - auto), priority Discount Price 1 lower than Discount Price 2",
          "uid" : "c4ae624fd393c51b",
          "parentUid" : "a0b6e5e50f51701d47da2b4a2ae64222",
          "status" : "passed",
          "time" : {
            "start" : 1704700614536,
            "stop" : 1704700632007,
            "duration" : 17471
          },
          "flaky" : false,
          "newFailed" : false,
          "parameters" : [ ]
        } ],
        "uid" : "a0b6e5e50f51701d47da2b4a2ae64222"
      }, {
        "name" : "_033517 check the discount order (same application rule), Discount Price 1 in the group Minimum, Discount Price 2 in the group Maximum (2 auto discount), priority Discount Price 1 higher than Discount Price 2",
        "children" : [ {
          "name" : "_033517 check the discount order (same application rule), Discount Price 1 in the group Minimum, Discount Price 2 in the group Maximum (2 auto discount), priority Discount Price 1 higher than Discount Price 2",
          "uid" : "e967203580fccf9e",
          "parentUid" : "17b41022ea94f021722a0d20488c14d4",
          "status" : "passed",
          "time" : {
            "start" : 1704700632007,
            "stop" : 1704700650316,
            "duration" : 18309
          },
          "flaky" : false,
          "newFailed" : false,
          "parameters" : [ ]
        } ],
        "uid" : "17b41022ea94f021722a0d20488c14d4"
      }, {
        "name" : "_033518 check the discount order (same application rule), Discount Price 1 in the group Minimum, Discount Price 2 in the group Maximum (auto), priority Discount Price 1 lower than Discount Price 2",
        "children" : [ {
          "name" : "_033518 check the discount order (same application rule), Discount Price 1 in the group Minimum, Discount Price 2 in the group Maximum (auto), priority Discount Price 1 lower than Discount Price 2",
          "uid" : "b505768c9700cf1a",
          "parentUid" : "955717dd0cc1c372842b3af77d3abc5b",
          "status" : "passed",
          "time" : {
            "start" : 1704700650316,
            "stop" : 1704700661235,
            "duration" : 10919
          },
          "flaky" : false,
          "newFailed" : false,
          "parameters" : [ ]
        } ],
        "uid" : "955717dd0cc1c372842b3af77d3abc5b"
      }, {
        "name" : "_033519 check the discount order (same application rule), Discount Price 1 in the group Minimum, Discount Price 2 in the group Maximum (Discount Price 1 manual, Discount Price 2 - auto), priority Discount Price 1 higher than Discount Price 2",
        "children" : [ {
          "name" : "_033519 check the discount order (same application rule), Discount Price 1 in the group Minimum, Discount Price 2 in the group Maximum (Discount Price 1 manual, Discount Price 2 - auto), priority Discount Price 1 higher than Discount Price 2",
          "uid" : "71f406f2ea7dc947",
          "parentUid" : "6655a19b5da69f1de0788379a1c3bf5f",
          "status" : "passed",
          "time" : {
            "start" : 1704700661235,
            "stop" : 1704700677501,
            "duration" : 16266
          },
          "flaky" : false,
          "newFailed" : false,
          "parameters" : [ ]
        } ],
        "uid" : "6655a19b5da69f1de0788379a1c3bf5f"
      }, {
        "name" : "_033520 check the discount order (same application rule), Discount Price 1 in the group Minimum, Discount Price 2 in the group Maximum (Discount Price 2 manual, Discount Price 1 - auto), priority Discount Price 1 lower than Discount Price 2",
        "children" : [ {
          "name" : "_033520 check the discount order (same application rule), Discount Price 1 in the group Minimum, Discount Price 2 in the group Maximum (Discount Price 2 manual, Discount Price 1 - auto), priority Discount Price 1 lower than Discount Price 2",
          "uid" : "9b711877656205b5",
          "parentUid" : "a581ef8a15ac76f438f783a265a32039",
          "status" : "passed",
          "time" : {
            "start" : 1704700677501,
            "stop" : 1704700694161,
            "duration" : 16660
          },
          "flaky" : false,
          "newFailed" : false,
          "parameters" : [ ]
        } ],
        "uid" : "a581ef8a15ac76f438f783a265a32039"
      }, {
        "name" : "_033521 check the discount order (same application rule), Discount Price 1 in the group Minimum, Discount Price 2 in the group Maximum (manual), priority Discount Price 1 higher than Discount Price 2",
        "children" : [ {
          "name" : "_033521 check the discount order (same application rule), Discount Price 1 in the group Minimum, Discount Price 2 in the group Maximum (manual), priority Discount Price 1 higher than Discount Price 2",
          "uid" : "6ed71892ee9f8577",
          "parentUid" : "d47f818f1bc6f1acf0a53ed5dc747d1e",
          "status" : "passed",
          "time" : {
            "start" : 1704700694162,
            "stop" : 1704700709190,
            "duration" : 15028
          },
          "flaky" : false,
          "newFailed" : false,
          "parameters" : [ ]
        } ],
        "uid" : "d47f818f1bc6f1acf0a53ed5dc747d1e"
      }, {
        "name" : "_033522 check the discount order (same application rule), Discount Price 1 in the group Minimum, Discount Price 2 in the group Maximum (manual), priority Discount Price 1 lower than Discount Price 2",
        "children" : [ {
          "name" : "_033522 check the discount order (same application rule), Discount Price 1 in the group Minimum, Discount Price 2 in the group Maximum (manual), priority Discount Price 1 lower than Discount Price 2",
          "uid" : "40599a408bfd542b",
          "parentUid" : "7e1d12017cefcaaebee89abe8a662b98",
          "status" : "passed",
          "time" : {
            "start" : 1704700709191,
            "stop" : 1704700720388,
            "duration" : 11197
          },
          "flaky" : false,
          "newFailed" : false,
          "parameters" : [ ]
        } ],
        "uid" : "7e1d12017cefcaaebee89abe8a662b98"
      }, {
        "name" : "_033523 check the discount order (same application rule), Discount Price 1 in the group Maximum, Discount Price 2 in the group Sum (auto), priority Discount Price 1 higher than Discount Price 2",
        "children" : [ {
          "name" : "_033523 check the discount order (same application rule), Discount Price 1 in the group Maximum, Discount Price 2 in the group Sum (auto), priority Discount Price 1 higher than Discount Price 2",
          "uid" : "b0d513eb234ea7ba",
          "parentUid" : "3dcf4909b353849623ca63eb293a913a",
          "status" : "passed",
          "time" : {
            "start" : 1704700720388,
            "stop" : 1704700738650,
            "duration" : 18262
          },
          "flaky" : false,
          "newFailed" : false,
          "parameters" : [ ]
        } ],
        "uid" : "3dcf4909b353849623ca63eb293a913a"
      }, {
        "name" : "_033524 check the discount order (same application rule), Discount Price 1 in the group Maximum, Discount Price 2 in the group Sum (auto), priority Discount Price 1 lower than Discount Price 2",
        "children" : [ {
          "name" : "_033524 check the discount order (same application rule), Discount Price 1 in the group Maximum, Discount Price 2 in the group Sum (auto), priority Discount Price 1 lower than Discount Price 2",
          "uid" : "25ecb487644f5774",
          "parentUid" : "6934f47659c762aa9a84b036712c0310",
          "status" : "passed",
          "time" : {
            "start" : 1704700738650,
            "stop" : 1704700749234,
            "duration" : 10584
          },
          "flaky" : false,
          "newFailed" : false,
          "parameters" : [ ]
        } ],
        "uid" : "6934f47659c762aa9a84b036712c0310"
      }, {
        "name" : "_033525 check the discount order (same application rule), Discount Price 1 in the group Maximum, Discount Price 2 in the group Sum (Discount Price 1 manual, Discount Price 2 - auto), priority Discount Price 1 higher than Discount Price 2",
        "children" : [ {
          "name" : "_033525 check the discount order (same application rule), Discount Price 1 in the group Maximum, Discount Price 2 in the group Sum (Discount Price 1 manual, Discount Price 2 - auto), priority Discount Price 1 higher than Discount Price 2",
          "uid" : "917cd5aa17983d9b",
          "parentUid" : "af4f1552f152695b6bb65af8115d5d28",
          "status" : "passed",
          "time" : {
            "start" : 1704700749234,
            "stop" : 1704700764867,
            "duration" : 15633
          },
          "flaky" : false,
          "newFailed" : false,
          "parameters" : [ ]
        } ],
        "uid" : "af4f1552f152695b6bb65af8115d5d28"
      }, {
        "name" : "_033526 check the discount order (same application rule), Discount Price 1 in the group Maximum, Discount Price 2 in the group Sum (manual), priority Discount Price 1 higher than Discount Price 2",
        "children" : [ {
          "name" : "_033526 check the discount order (same application rule), Discount Price 1 in the group Maximum, Discount Price 2 in the group Sum (manual), priority Discount Price 1 higher than Discount Price 2",
          "uid" : "2d465b691d9b8166",
          "parentUid" : "9e411623b05b7ed288f7e07a23123267",
          "status" : "passed",
          "time" : {
            "start" : 1704700764867,
            "stop" : 1704700775039,
            "duration" : 10172
          },
          "flaky" : false,
          "newFailed" : false,
          "parameters" : [ ]
        } ],
        "uid" : "9e411623b05b7ed288f7e07a23123267"
      }, {
        "name" : "_033527 check the discount order (same application rule), Discount Price 1 in the group Minimum, Discount Price 2 in the group Sum (auto), priority Discount Price 1 higher than Discount Price 2",
        "children" : [ {
          "name" : "_033527 check the discount order (same application rule), Discount Price 1 in the group Minimum, Discount Price 2 in the group Sum (auto), priority Discount Price 1 higher than Discount Price 2",
          "uid" : "153e462a610344de",
          "parentUid" : "fccc435144fc4eafb394004ba7801ccc",
          "status" : "passed",
          "time" : {
            "start" : 1704700775039,
            "stop" : 1704700789456,
            "duration" : 14417
          },
          "flaky" : false,
          "newFailed" : false,
          "parameters" : [ ]
        } ],
        "uid" : "fccc435144fc4eafb394004ba7801ccc"
      }, {
        "name" : "_033528 check the discount order (same application rule), Discount Price 1 in the group Minimum, Discount Price 2 in the group Sum (auto), priority Discount Price 1 lower than Discount Price 2",
        "children" : [ {
          "name" : "_033528 check the discount order (same application rule), Discount Price 1 in the group Minimum, Discount Price 2 in the group Sum (auto), priority Discount Price 1 lower than Discount Price 2",
          "uid" : "d7d4136c026521aa",
          "parentUid" : "0191656326eca64907768d6cfb95497e",
          "status" : "passed",
          "time" : {
            "start" : 1704700789457,
            "stop" : 1704700800619,
            "duration" : 11162
          },
          "flaky" : false,
          "newFailed" : false,
          "parameters" : [ ]
        } ],
        "uid" : "0191656326eca64907768d6cfb95497e"
      }, {
        "name" : "_033529 check the discount order (same application rule), Discount Price 1 in the group Minimum, Discount Price 2 in the group Sum (Discount Price 1 manual, Discount Price 2 - auto), priority Discount Price 1 higher than Discount Price 2",
        "children" : [ {
          "name" : "_033529 check the discount order (same application rule), Discount Price 1 in the group Minimum, Discount Price 2 in the group Sum (Discount Price 1 manual, Discount Price 2 - auto), priority Discount Price 1 higher than Discount Price 2",
          "uid" : "fe3950322f246a26",
          "parentUid" : "66899346da661f06e808597a3c8bf36d",
          "status" : "passed",
          "time" : {
            "start" : 1704700800619,
            "stop" : 1704700814465,
            "duration" : 13846
          },
          "flaky" : false,
          "newFailed" : false,
          "parameters" : [ ]
        } ],
        "uid" : "66899346da661f06e808597a3c8bf36d"
      }, {
        "name" : "_033530 check the discount order (same application rule), Discount Price 1 in the group Minimum, Discount Price 2 in the group Sum (Discount Price 2 manual, Discount Price 1 - auto), priority Discount Price 1 lower than Discount Price 2",
        "children" : [ {
          "name" : "_033530 check the discount order (same application rule), Discount Price 1 in the group Minimum, Discount Price 2 in the group Sum (Discount Price 2 manual, Discount Price 1 - auto), priority Discount Price 1 lower than Discount Price 2",
          "uid" : "a5d13f7c220cb004",
          "parentUid" : "545376675154f6fc298b933c4868e03b",
          "status" : "passed",
          "time" : {
            "start" : 1704700814466,
            "stop" : 1704700829728,
            "duration" : 15262
          },
          "flaky" : false,
          "newFailed" : false,
          "parameters" : [ ]
        } ],
        "uid" : "545376675154f6fc298b933c4868e03b"
      }, {
        "name" : "_033531 check the discount order (same application rule), Discount Price 1 in the group Minimum, Discount Price 2 in the group Sum (manual), priority Discount Price 1 higher than Discount Price 2",
        "children" : [ {
          "name" : "_033531 check the discount order (same application rule), Discount Price 1 in the group Minimum, Discount Price 2 in the group Sum (manual), priority Discount Price 1 higher than Discount Price 2",
          "uid" : "8faeb6cf0d5e2e3e",
          "parentUid" : "d27e577ab7533881c5f3d3de7ebe718e",
          "status" : "passed",
          "time" : {
            "start" : 1704700829729,
            "stop" : 1704700842881,
            "duration" : 13152
          },
          "flaky" : false,
          "newFailed" : false,
          "parameters" : [ ]
        } ],
        "uid" : "d27e577ab7533881c5f3d3de7ebe718e"
      }, {
        "name" : "_033532 check the discount order (same application rule), Discount Price 1 in the group Minimum, Discount Price 2 in the group Sum (manual), priority Discount Price 1 lower than Discount Price 2",
        "children" : [ {
          "name" : "_033532 check the discount order (same application rule), Discount Price 1 in the group Minimum, Discount Price 2 in the group Sum (manual), priority Discount Price 1 lower than Discount Price 2",
          "uid" : "c7650e75b2de202e",
          "parentUid" : "f7e71bfb7547ce0325aced8ed5e3b5a2",
          "status" : "passed",
          "time" : {
            "start" : 1704700842881,
            "stop" : 1704700855308,
            "duration" : 12427
          },
          "flaky" : false,
          "newFailed" : false,
          "parameters" : [ ]
        } ],
        "uid" : "f7e71bfb7547ce0325aced8ed5e3b5a2"
      } ],
      "uid" : "71364cdff360a4fa5fc8cf9e32dc50fe"
    } ],
    "uid" : "960dc262011d0e0f70562c8f1a744ab4"
  }, {
    "name" : "check discounts in purchase documents Purchase order/Purchase invoice",
    "children" : [ {
      "name" : "_0340PurchaseDiscount",
      "children" : [ {
        "name" : "_034001 check the Document discount in Purchase order",
        "children" : [ {
          "name" : "_034001 check the Document discount in Purchase order",
          "uid" : "eabe10e42271468e",
          "parentUid" : "571aaf5a35f319b6733410f018fe9814",
          "status" : "passed",
          "time" : {
            "start" : 1704700855309,
            "stop" : 1704700867758,
            "duration" : 12449
          },
          "flaky" : false,
          "newFailed" : false,
          "parameters" : [ ]
        } ],
        "uid" : "571aaf5a35f319b6733410f018fe9814"
      }, {
        "name" : "_034002 check the Document discount in Purchase invoice",
        "children" : [ {
          "name" : "_034002 check the Document discount in Purchase invoice",
          "uid" : "f8029e801cbfae05",
          "parentUid" : "49898d9b19ca5f4c6193c401be3e638e",
          "status" : "passed",
          "time" : {
            "start" : 1704700867758,
            "stop" : 1704700881784,
            "duration" : 14026
          },
          "flaky" : false,
          "newFailed" : false,
          "parameters" : [ ]
        } ],
        "uid" : "49898d9b19ca5f4c6193c401be3e638e"
      }, {
        "name" : "_034003 check that discounts with the Sales document type are not displayed in the purchase documents",
        "children" : [ {
          "name" : "_034003 check that discounts with the Sales document type are not displayed in the purchase documents",
          "uid" : "437ce0a29fdb9fd4",
          "parentUid" : "52166a3562b9412c1f54ea817cbb6d38",
          "status" : "passed",
          "time" : {
            "start" : 1704700881784,
            "stop" : 1704700884213,
            "duration" : 2429
          },
          "flaky" : false,
          "newFailed" : false,
          "parameters" : [ ]
        } ],
        "uid" : "52166a3562b9412c1f54ea817cbb6d38"
      }, {
        "name" : "_034004 check that discounts with the Purchase document type are not displayed in the sales documents",
        "children" : [ {
          "name" : "_034004 check that discounts with the Purchase document type are not displayed in the sales documents",
          "uid" : "f0d00bcba30511d",
          "parentUid" : "0751d0fc41f065962f97c68bc5de99b7",
          "status" : "passed",
          "time" : {
            "start" : 1704700884214,
            "stop" : 1704700888055,
            "duration" : 3841
          },
          "flaky" : false,
          "newFailed" : false,
          "parameters" : [ ]
        } ],
        "uid" : "0751d0fc41f065962f97c68bc5de99b7"
      }, {
        "name" : "_034030 check discount recalculation when change quantity in the Purchase return order",
        "children" : [ {
          "name" : "_034030 check discount recalculation when change quantity in the Purchase return order",
          "uid" : "ae7b6634a5894c9",
          "parentUid" : "1b32d2cdccc96b95ed12b666209fa94e",
          "status" : "passed",
          "time" : {
            "start" : 1704700888055,
            "stop" : 1704700890430,
            "duration" : 2375
          },
          "flaky" : false,
          "newFailed" : false,
          "parameters" : [ ]
        } ],
        "uid" : "1b32d2cdccc96b95ed12b666209fa94e"
      }, {
        "name" : "_034031 check discount recalculation when change quantity in the Purchase return",
        "children" : [ {
          "name" : "_034031 check discount recalculation when change quantity in the Purchase return",
          "uid" : "8b3ab935e673cca0",
          "parentUid" : "f5299f0bff409f0b243ffd77d1d19fbb",
          "status" : "passed",
          "time" : {
            "start" : 1704700890430,
            "stop" : 1704700893171,
            "duration" : 2741
          },
          "flaky" : false,
          "newFailed" : false,
          "parameters" : [ ]
        } ],
        "uid" : "f5299f0bff409f0b243ffd77d1d19fbb"
      } ],
      "uid" : "d23cf17de2de20c3e6f3dc05867c0ee5"
    } ],
    "uid" : "192b2fe9e6edfab3f1a7ce0a8bb64063"
  }, {
    "name" : "check discounts in the Retail sales receipt",
    "children" : [ {
      "name" : "_0345RetailSalesReturnReceiptDiscount",
      "children" : [ {
        "name" : "_034501 check discount in Retail sales receipt",
        "children" : [ {
          "name" : "_034501 check discount in Retail sales receipt",
          "uid" : "26ff7828905e10ae",
          "parentUid" : "569e08e35b3e82e12a6073681a50c468",
          "status" : "passed",
          "time" : {
            "start" : 1704700893171,
            "stop" : 1704700913309,
            "duration" : 20138
          },
          "flaky" : false,
          "newFailed" : false,
          "parameters" : [ ]
        } ],
        "uid" : "569e08e35b3e82e12a6073681a50c468"
      }, {
        "name" : "_034502 check discount in Retail sales receipt 5+1",
        "children" : [ {
          "name" : "_034502 check discount in Retail sales receipt 5+1",
          "uid" : "cc31b21db7acef16",
          "parentUid" : "06708bb3c894556d39fc3ef5b9c60758",
          "status" : "passed",
          "time" : {
            "start" : 1704700913310,
            "stop" : 1704700934868,
            "duration" : 21558
          },
          "flaky" : false,
          "newFailed" : false,
          "parameters" : [ ]
        } ],
        "uid" : "06708bb3c894556d39fc3ef5b9c60758"
      }, {
        "name" : "_034510 check discount recalculation when change quantity in Retail return receipt",
        "children" : [ {
          "name" : "_034510 check discount recalculation when change quantity in Retail return receipt",
          "uid" : "5b18f2db2d25112b",
          "parentUid" : "f265f4b05bb287da884d45a4f9566875",
          "status" : "passed",
          "time" : {
            "start" : 1704700934868,
            "stop" : 1704700942010,
            "duration" : 7142
          },
          "flaky" : false,
          "newFailed" : false,
          "parameters" : [ ]
        } ],
        "uid" : "f265f4b05bb287da884d45a4f9566875"
      } ],
      "uid" : "105f4e57b13e54405a8ee77cc7e78f1a"
    } ],
    "uid" : "1980ef4615f533a488acdc9458b99911"
  }, {
    "name" : "check discounts in the Sales return and Sales return order",
    "children" : [ {
      "name" : "_0348SalesReturnDiscount",
      "children" : [ {
        "name" : "_034801 preparation",
        "children" : [ {
          "name" : "_034801 preparation",
          "uid" : "afe1da12b9898f68",
          "parentUid" : "80bb4e4d0219e884c014bbece149daa4",
          "status" : "passed",
          "time" : {
            "start" : 1704700942011,
            "stop" : 1704700955513,
            "duration" : 13502
          },
          "flaky" : false,
          "newFailed" : false,
          "parameters" : [ ]
        } ],
        "uid" : "80bb4e4d0219e884c014bbece149daa4"
      }, {
        "name" : "_0348011 check preparation",
        "children" : [ {
          "name" : "_0348011 check preparation",
          "uid" : "21168a68f20590cb",
          "parentUid" : "6962928a41a1ada62526db28539d3911",
          "status" : "passed",
          "time" : {
            "start" : 1704700955513,
            "stop" : 1704700956133,
            "duration" : 620
          },
          "flaky" : false,
          "newFailed" : false,
          "parameters" : [ ]
        } ],
        "uid" : "6962928a41a1ada62526db28539d3911"
      }, {
        "name" : "_034802 check discount recalculation when change quantity in the SaLes return order",
        "children" : [ {
          "name" : "_034802 check discount recalculation when change quantity in the SaLes return order",
          "uid" : "d82ebdb43d6a58f7",
          "parentUid" : "9c67c5d4cb87eeab0fc952779185b6d6",
          "status" : "passed",
          "time" : {
            "start" : 1704700956133,
            "stop" : 1704700958629,
            "duration" : 2496
          },
          "flaky" : false,
          "newFailed" : false,
          "parameters" : [ ]
        } ],
        "uid" : "9c67c5d4cb87eeab0fc952779185b6d6"
      }, {
        "name" : "_034803 check discount recalculation when change quantity in the SaLes return order",
        "children" : [ {
          "name" : "_034803 check discount recalculation when change quantity in the SaLes return order",
          "uid" : "920e9a4646b994ee",
          "parentUid" : "a144186d31bcd81b4b60421e55b6f181",
          "status" : "passed",
          "time" : {
            "start" : 1704700958629,
            "stop" : 1704700960906,
            "duration" : 2277
          },
          "flaky" : false,
          "newFailed" : false,
          "parameters" : [ ]
        } ],
        "uid" : "a144186d31bcd81b4b60421e55b6f181"
      }, {
        "name" : "_034804 check 2 Document Discount (percent)",
        "children" : [ {
          "name" : "_034804 check 2 Document Discount (percent)",
          "uid" : "7b9927dca894f52d",
          "parentUid" : "cd29e870f6834ee6ef82b021c8528b3f",
          "status" : "passed",
          "time" : {
            "start" : 1704700960906,
            "stop" : 1704700968918,
            "duration" : 8012
          },
          "flaky" : false,
          "newFailed" : false,
          "parameters" : [ ]
        } ],
        "uid" : "cd29e870f6834ee6ef82b021c8528b3f"
      }, {
        "name" : "_034805 check 2 Document Discount (sum)",
        "children" : [ {
          "name" : "_034805 check 2 Document Discount (sum)",
          "uid" : "a2c8b1762d6d877e",
          "parentUid" : "1d58ce091f9e10bd6d95985273b8ae2b",
          "status" : "passed",
          "time" : {
            "start" : 1704700968918,
            "stop" : 1704700976646,
            "duration" : 7728
          },
          "flaky" : false,
          "newFailed" : false,
          "parameters" : [ ]
        } ],
        "uid" : "1d58ce091f9e10bd6d95985273b8ae2b"
      } ],
      "uid" : "3273eef9f8d3721a04c0444eb790ad39"
    } ],
    "uid" : "67a7984b77725b170257cc23b225855e"
  }, {
    "name" : "check discounts in POS",
    "children" : [ {
      "name" : "_0349DiscountPOS",
      "children" : [ {
        "name" : "_034901 preparation (discounts in POS)",
        "children" : [ {
          "name" : "_034901 preparation (discounts in POS)",
          "uid" : "3e4be4844d662729",
          "parentUid" : "6fb0e97aa5bb6d588aacc25e5b48a0d9",
          "status" : "passed",
          "time" : {
            "start" : 1704700976646,
            "stop" : 1704700990590,
            "duration" : 13944
          },
          "flaky" : false,
          "newFailed" : false,
          "parameters" : [ ]
        } ],
        "uid" : "6fb0e97aa5bb6d588aacc25e5b48a0d9"
      }, {
        "name" : "_0349011 check preparation",
        "children" : [ {
          "name" : "_0349011 check preparation",
          "uid" : "f01f9cc7adca8ea9",
          "parentUid" : "cbda02c42a29b66f6c9e3aac47dcf2b5",
          "status" : "passed",
          "time" : {
            "start" : 1704700990590,
            "stop" : 1704700991265,
            "duration" : 675
          },
          "flaky" : false,
          "newFailed" : false,
          "parameters" : [ ]
        } ],
        "uid" : "cbda02c42a29b66f6c9e3aac47dcf2b5"
      }, {
        "name" : "_034902 check discount price type calculation in POS",
        "children" : [ {
          "name" : "_034902 check discount price type calculation in POS",
          "uid" : "db9c14ce556995a0",
          "parentUid" : "6a1b8e7d7d1e69b52cb55ca14212a852",
          "status" : "passed",
          "time" : {
            "start" : 1704700991265,
            "stop" : 1704701001218,
            "duration" : 9953
          },
          "flaky" : false,
          "newFailed" : false,
          "parameters" : [ ]
        } ],
        "uid" : "6a1b8e7d7d1e69b52cb55ca14212a852"
      }, {
        "name" : "_034904 check two plus part of third discount in POS",
        "children" : [ {
          "name" : "_034904 check two plus part of third discount in POS",
          "uid" : "300b87d165f74fe1",
          "parentUid" : "956c45091e97895b2b4a60a9263480cf",
          "status" : "passed",
          "time" : {
            "start" : 1704701001218,
            "stop" : 1704701012798,
            "duration" : 11580
          },
          "flaky" : false,
          "newFailed" : false,
          "parameters" : [ ]
        } ],
        "uid" : "956c45091e97895b2b4a60a9263480cf"
      }, {
        "name" : "_034905 check price type discount + discount coupon in POS",
        "children" : [ {
          "name" : "_034905 check price type discount + discount coupon in POS",
          "uid" : "dfa89e6193fd4806",
          "parentUid" : "9322e72898dfa9cdcac8bfdb3a7350ef",
          "status" : "passed",
          "time" : {
            "start" : 1704701012798,
            "stop" : 1704701021731,
            "duration" : 8933
          },
          "flaky" : false,
          "newFailed" : false,
          "parameters" : [ ]
        } ],
        "uid" : "9322e72898dfa9cdcac8bfdb3a7350ef"
      }, {
        "name" : "_034906 check price type discount + discount coupon in POS",
        "children" : [ {
          "name" : "_034906 check price type discount + discount coupon in POS",
          "uid" : "66d84cef80c58ab9",
          "parentUid" : "ccd68048d6016ff20bcd6adeff702571",
          "status" : "passed",
          "time" : {
            "start" : 1704701021731,
            "stop" : 1704701030263,
            "duration" : 8532
          },
          "flaky" : false,
          "newFailed" : false,
          "parameters" : [ ]
        } ],
        "uid" : "ccd68048d6016ff20bcd6adeff702571"
      }, {
        "name" : "_034908 check return with discount from POS (first select basis document)",
        "children" : [ {
          "name" : "_034908 check return with discount from POS (first select basis document)",
          "uid" : "8a540ddb4601ff48",
          "parentUid" : "0c0841ae9838c2510036d999ae31a8ab",
          "status" : "passed",
          "time" : {
            "start" : 1704701030263,
            "stop" : 1704701037374,
            "duration" : 7111
          },
          "flaky" : false,
          "newFailed" : false,
          "parameters" : [ ]
        } ],
        "uid" : "0c0841ae9838c2510036d999ae31a8ab"
      }, {
        "name" : "_034910 check price type discount + sum in POS (Consequentially)",
        "children" : [ {
          "name" : "_034910 check price type discount + sum in POS (Consequentially)",
          "uid" : "77534ec8fd2415d3",
          "parentUid" : "6f53aca7ed1e30beb9176ea4a9870c36",
          "status" : "passed",
          "time" : {
            "start" : 1704701037375,
            "stop" : 1704701047124,
            "duration" : 9749
          },
          "flaky" : false,
          "newFailed" : false,
          "parameters" : [ ]
        } ],
        "uid" : "6f53aca7ed1e30beb9176ea4a9870c36"
      }, {
        "name" : "_034912 check auto calculate discount",
        "children" : [ {
          "name" : "_034912 check auto calculate discount",
          "uid" : "140ca52de87e99e3",
          "parentUid" : "8f218322b3ce3bbe907e73d9c4e59796",
          "status" : "passed",
          "time" : {
            "start" : 1704701047124,
            "stop" : 1704701053557,
            "duration" : 6433
          },
          "flaky" : false,
          "newFailed" : false,
          "parameters" : [ ]
        } ],
        "uid" : "8f218322b3ce3bbe907e73d9c4e59796"
      }, {
        "name" : "_034914 discount for row",
        "children" : [ {
          "name" : "_034914 discount for row",
          "uid" : "3d7f64eb3e802704",
          "parentUid" : "7fea22a5270aeb8b25da43ce1de7caba",
          "status" : "passed",
          "time" : {
            "start" : 1704701053558,
            "stop" : 1704701061748,
            "duration" : 8190
          },
          "flaky" : false,
          "newFailed" : false,
          "parameters" : [ ]
        } ],
        "uid" : "7fea22a5270aeb8b25da43ce1de7caba"
      } ],
      "uid" : "9ef031be5505ecf2a575b53bb58ee727"
    } ],
    "uid" : "e803e3aa434837e65aed9bee5f56fda3"
  } ]
}